{
    "reusePaths": {
        "amcQw_d": {
            "icPath": "csrc"
        },
        "reYIK_d": {
            "icPath": "csrc"
        },
        "gRcNz_d": {
            "icPath": "csrc"
        }
    },
    "Modules": {
        "tb_div": {
            "start_perf": [
                0.097836971282958984,
                0.043568999999999997,
                0.043568999999999997,
                307644,
                382252,
                1770455219.841603,
                8242192970391
            ],
            "child_modules": {},
            "Compiled": "Yes",
            "nRouts": 329,
            "end_perf": [
                0.11011004447937012,
                0.055072000000000003,
                0.044325999999999997,
                307644,
                382252,
                8242226016002,
                12884901889,
                0
            ],
            "Compiled Times": 2,
            "nQuads": 3020,
            "nMops": 3693
        },
        "...MASTER...": {
            "start_perf": [
                0.093102931976318359,
                0.042783000000000002,
                0.041213,
                307644,
                382252,
                1770455219.836869,
                8242180252256
            ],
            "child_modules": {
                "tb_div": 1,
                "std": 1
            },
            "nRouts": 5,
            "end_perf": [
                0.095933914184570312,
                0.042783000000000002,
                0.042451000000000003,
                307644,
                382252,
                8242187886557,
                0,
                0
            ],
            "nQuads": 0,
            "nMops": 0
        },
        "std": {
            "start_perf": [
                0.095995903015136719,
                0.042783000000000002,
                0.042514000000000003,
                307644,
                382252,
                1770455219.839762,
                8242188030421
            ],
            "svclass": [
                "$vcs_nba_dyn_obj",
                0,
                37,
                2,
                2,
                0,
                "sigprop$$",
                0,
                37,
                2,
                2,
                0,
                "process",
                0,
                184,
                8,
                8,
                0,
                "event",
                0,
                36,
                2,
                2,
                0,
                "mailbox",
                0,
                107,
                9,
                9,
                0,
                "semaphore",
                0,
                71,
                5,
                5,
                0
            ],
            "child_modules": {},
            "Compiled": "Yes",
            "end_perf": [
                0.097808837890625,
                0.043554000000000002,
                0.043554000000000002,
                307644,
                382252,
                8242192926363,
                8589934594,
                0
            ],
            "nRouts": 33,
            "Compiled Times": 2,
            "nQuads": 218,
            "nMops": 472
        }
    },
    "CompUnits": {},
    "ObjArchives": [
        {
            "archive": "archive.1/_20319_archive_1.a",
            "size": 130234,
            "objects": [
                [
                    "amcQwB.o",
                    130234
                ]
            ]
        }
    ],
    "stat": {
        "ru_self_end": {
            "ru_utime_sec": 0.055072000000000003,
            "ru_stime_sec": 0.048314000000000003,
            "ru_nvcsw": 49,
            "ru_maxrss_kb": 125036,
            "ru_majflt": 0,
            "ru_minflt": 14108,
            "ru_nivcsw": 15
        },
        "ru_childs_end": {
            "ru_utime_sec": 0.013873999999999999,
            "ru_stime_sec": 0.041570000000000003,
            "ru_nvcsw": 43,
            "ru_maxrss_kb": 114064,
            "ru_majflt": 0,
            "ru_minflt": 12142,
            "ru_nivcsw": 4
        },
        "cpu_cycles_end": 8242236668078,
        "peak_mem_kb": 382252
    }
}