{
    "Modules": {
        "std": {
            "nQuads": 218,
            "nMops": 472,
            "start_perf": [
                0.27256107330322266,
                0.183915,
                0.073685,
                315320,
                385412,
                1770608255.5762081,
                15349064715709
            ],
            "child_modules": {},
            "Compiled": "Yes",
            "nRouts": 33,
            "Compiled Times": 7,
            "end_perf": [
                0.27916097640991211,
                0.183915,
                0.075897999999999993,
                315320,
                385412,
                15349082513041,
                8589934594,
                0
            ],
            "svclass": [
                "$vcs_nba_dyn_obj",
                0,
                37,
                2,
                2,
                0,
                "sigprop$$",
                0,
                37,
                2,
                2,
                0,
                "process",
                0,
                184,
                8,
                8,
                0,
                "event",
                0,
                36,
                2,
                2,
                0,
                "mailbox",
                0,
                107,
                9,
                9,
                0,
                "semaphore",
                0,
                71,
                5,
                5,
                0
            ]
        },
        "ex_dataram_reg": {
            "nMops": 515,
            "nQuads": 235,
            "start_perf": [
                0.29709005355834961,
                0.196133,
                0.081610000000000002,
                315320,
                385412,
                1770608255.6007371,
                15349130638852
            ],
            "child_modules": {},
            "Compiled": "Yes",
            "nRouts": 32,
            "end_perf": [
                0.29813694953918457,
                0.19717899999999999,
                0.081610000000000002,
                315320,
                385412,
                15349133479580,
                98784247809,
                0
            ],
            "Compiled Times": 7
        },
        "...MASTER...": {
            "nMops": 7,
            "nQuads": 4,
            "start_perf": [
                0.26888585090637207,
                0.183915,
                0.072251999999999997,
                315320,
                385412,
                1770608255.5725329,
                15349054836494
            ],
            "child_modules": {
                "std": 1,
                "testbench": 1,
                "mux": 1
            },
            "nRouts": 8,
            "end_perf": [
                0.27248787879943848,
                0.183915,
                0.073611999999999997,
                315320,
                385412,
                15349064546585,
                0,
                0
            ]
        },
        "compress": {
            "nMops": 1681,
            "nQuads": 194,
            "start_perf": [
                0.27920389175415039,
                0.183915,
                0.075941999999999996,
                315320,
                385412,
                1770608255.5828509,
                15349082562907
            ],
            "child_modules": {},
            "Compiled": "Yes",
            "nRouts": 15,
            "end_perf": [
                0.28092694282531738,
                0.184196,
                0.077383999999999994,
                315320,
                385412,
                15349087230233,
                21474836481,
                0
            ],
            "Compiled Times": 7
        },
        "muxwithdefault_0005": {
            "nMops": 1045,
            "nQuads": 244,
            "start_perf": [
                0.28997397422790527,
                0.19031899999999999,
                0.080308000000000004,
                315320,
                385412,
                1770608255.593621,
                15349111511445
            ],
            "child_modules": {},
            "Compiled": "Yes",
            "nRouts": 32,
            "end_perf": [
                0.29136204719543457,
                0.19162100000000001,
                0.080393000000000006,
                315320,
                385412,
                15349115274046,
                64424509441,
                0
            ],
            "Compiled Times": 7
        },
        "dataram_wb_reg": {
            "nMops": 284,
            "nQuads": 133,
            "start_perf": [
                0.2844698429107666,
                0.18733900000000001,
                0.077784000000000006,
                315320,
                385412,
                1770608255.5881169,
                15349096718273
            ],
            "child_modules": {},
            "Compiled": "Yes",
            "nRouts": 22,
            "end_perf": [
                0.28533291816711426,
                0.18820200000000001,
                0.077784000000000006,
                315320,
                385412,
                15349099063175,
                55834574849,
                0
            ],
            "Compiled Times": 7
        },
        "chj_registerfile": {
            "nMops": 1150,
            "nQuads": 345,
            "start_perf": [
                0.28095293045043945,
                0.18421499999999999,
                0.077392000000000002,
                315320,
                385412,
                1770608255.5846,
                15349087265467
            ],
            "child_modules": {},
            "Compiled": "Yes",
            "nRouts": 32,
            "end_perf": [
                0.28331995010375977,
                0.186527,
                0.077446000000000001,
                315320,
                385412,
                15349093660933,
                30064771073,
                0
            ],
            "Compiled Times": 7
        },
        "std_bram": {
            "nMops": 396,
            "nQuads": 149,
            "start_perf": [
                0.28334593772888184,
                0.18654499999999999,
                0.077453999999999995,
                315320,
                385412,
                1770608255.586993,
                15349093696799
            ],
            "child_modules": {},
            "Compiled": "Yes",
            "nRouts": 21,
            "end_perf": [
                0.28444790840148926,
                0.18732299999999999,
                0.077776999999999999,
                315320,
                385412,
                15349096684997,
                47244640257,
                0
            ],
            "Compiled Times": 7
        },
        "muxwithdefault_0009": {
            "nMops": 755,
            "nQuads": 195,
            "start_perf": [
                0.29138588905334473,
                0.191639,
                0.080399999999999999,
                315320,
                385412,
                1770608255.5950329,
                15349115306798
            ],
            "child_modules": {},
            "Compiled": "Yes",
            "nRouts": 26,
            "end_perf": [
                0.29260396957397461,
                0.19282199999999999,
                0.080434000000000005,
                315320,
                385412,
                15349118607594,
                64424509441,
                0
            ],
            "Compiled Times": 7
        },
        "muxwithdefault_0001": {
            "nMops": 869,
            "nQuads": 229,
            "start_perf": [
                0.2853548526763916,
                0.188224,
                0.077784000000000006,
                315320,
                385412,
                1770608255.5890019,
                15349099095433
            ],
            "child_modules": {},
            "Compiled": "Yes",