{
    "CompUnits": {},
    "Modules": {
        "muxwithdefault_0002": {
            "nRouts": 44,
            "Compiled": "Yes",
            "start_perf": [
                0.2470860481262207,
                0.16925499999999999,
                0.087627999999999998,
                315336,
                385544,
                1770621400.8973629,
                50682952364312
            ],
            "child_modules": {},
            "Compiled Times": 15,
            "nMops": 1473,
            "end_perf": [
                0.24876308441162109,
                0.170932,
                0.087627999999999998,
                315336,
                385544,
                50682956900280,
                64424509441,
                0
            ],
            "nQuads": 328
        },
        "...MASTER...": {
            "nRouts": 8,
            "start_perf": [
                0.23524308204650879,
                0.16280800000000001,
                0.083834000000000006,
                315336,
                385544,
                1770621400.88552,
                50682920532860
            ],
            "child_modules": {
                "testbench": 1,
                "std": 1,
                "mux": 1
            },
            "nMops": 7,
            "end_perf": [
                0.23775815963745117,
                0.163162,
                0.084601999999999997,
                315336,
                385544,
                50682927320104,
                0,
                0
            ],
            "nQuads": 4
        },
        "std": {
            "nRouts": 33,
            "Compiled": "Yes",
            "start_perf": [
                0.23782515525817871,
                0.16320599999999999,
                0.084625000000000006,
                315336,
                385544,
                1770621400.8881021,
                50682927475458
            ],
            "child_modules": {},
            "Compiled Times": 15,
            "svclass": [
                "$vcs_nba_dyn_obj",
                0,
                37,
                2,
                2,
                0,
                "sigprop$$",
                0,
                37,
                2,
                2,
                0,
                "process",
                0,
                184,
                8,
                8,
                0,
                "event",
                0,
                36,
                2,
                2,
                0,
                "mailbox",
                0,
                107,
                9,
                9,
                0,
                "semaphore",
                0,
                71,
                5,
                5,
                0
            ],
            "end_perf": [
                0.23941206932067871,
                0.16345399999999999,
                0.085963999999999999,
                315336,
                385544,
                50682931763888,
                8589934594,
                0
            ],
            "nMops": 472,
            "nQuads": 218
        },
        "dataram_banked": {
            "nRouts": 48,
            "Compiled": "Yes",
            "start_perf": [
                0.25244402885437012,
                0.17461399999999999,
                0.087627999999999998,
                315336,
                385544,
                1770621400.9027209,
                50682966767026
            ],
            "child_modules": {
                "std_bram": 2
            },
            "Compiled Times": 15,
            "nMops": 3207,
            "end_perf": [
                0.25579309463500977,
                0.177458,
                0.088133000000000003,
                315336,
                385544,
                50682975804604,
                77309411329,
                0
            ],
            "nQuads": 878
        },
        "muxwithdefault_0005": {
            "nRouts": 32,
            "Compiled": "Yes",
            "start_perf": [
                0.25015807151794434,
                0.17232800000000001,
                0.087627999999999998,
                315336,
                385544,
                1770621400.900435,
                50682960623882
            ],
            "child_modules": {},
            "Compiled Times": 15,
            "nMops": 1045,
            "end_perf": [
                0.25136303901672363,
                0.17353199999999999,
                0.087627999999999998,
                315336,
                385544,
                50682963885452,
                64424509441,
                0
            ],
            "nQuads": 244
        },
        "std_bram": {
            "nRouts": 21,
            "Compiled": "Yes",
            "start_perf": [
                0.2433311939239502,
                0.16736500000000001,
                0.085972999999999994,
                315336,
                385544,
                1770621400.8936081,
                50682942272256
            ],
            "child_modules": {},
            "Compiled Times": 15,
            "nMops": 396,
            "end_perf": [
                0.2444770336151123,
                0.16805600000000001,
                0.086428000000000005,
                315336,
                385544,
                50682945385164,
                47244640257,
                0
            ],
            "nQuads": 148
        },
        "compress": {
            "nRouts": 15,
            "Compiled": "Yes",
            "start_perf": [
                0.23943710327148438,
                0.16347100000000001,
                0.085972999999999994,
                315336,
                385544,
                1770621400.889714,
                50682931801260
            ],
            "child_modules": {},
            "Compiled Times": 15,
            "nMops": 1681,
            "end_perf": [
                0.24101805686950684,
                0.165051,
                0.085972999999999994,
                315336,
                385544,
                50682936085386,
                21474836481,
                0
            ],
            "nQuads": 194
        },
        "dataram_wb_reg": {
            "nRouts": 22,
            "Compiled": "Yes",
            "start_perf": [
                0.24450206756591797,
                0.168072,
                0.086437,
                315336,
                385544,
                1770621400.894779,
                50682945420948
            ],
            "child_modules": {},
            "Compiled Times": 15,
            "nMops": 284,
            "end_perf": [
                0.24550509452819824,
                0.16866600000000001,
                0.086742,
                315336,
                385544,
                50682948147092,
                55834574849,
                0
            ],
            "nQuads": 133
        },
        "chj_registerfile": {
            "nRouts": 32,
            "Compiled": "Yes",
            "start_perf": [
                0.24104213714599609,
                0.165076,
                0.085972999999999994,
                315336,
                385544,
                1770621400.891319,
                50682936156570
            ],
            "child_modules": {},
            "Compiled Times": 15,
            "nMops": 1150,
            "end_perf": [
                0.24330711364746094,
                0.16733999999999999,
                0.085972999999999994,
                315336,
                385544,
                50682942238690,
                30064771073,
                0
            ],
            "nQuads": 345
        },
        "muxwithdefault_0001": {
            "nRouts": 30,
            "Compiled": "Yes",