{
    "stat": {
        "ru_self_end": {
            "ru_utime_sec": 0.063736000000000001,
            "ru_stime_sec": 0.045323000000000002,
            "ru_maxrss_kb": 126732,
            "ru_nivcsw": 7,
            "ru_minflt": 14338,
            "ru_majflt": 0,
            "ru_nvcsw": 44
        },
        "ru_childs_end": {
            "ru_utime_sec": 0.012553,
            "ru_stime_sec": 0.046343000000000002,
            "ru_maxrss_kb": 116056,
            "ru_nivcsw": 7,
            "ru_minflt": 12277,
            "ru_majflt": 0,
            "ru_nvcsw": 42
        },
        "cpu_cycles_end": 114182019645263,
        "peak_mem_kb": 385428
    },
    "ObjArchives": [
        {
            "archive": "archive.39/_53698_archive_1.a",
            "objects": [
                [
                    "yPhRI_d.o",
                    90038
                ],
                [
                    "amcQwB.o",
                    129694
                ]
            ],
            "size": 219732
        }
    ],
    "Modules": {
        "std": {
            "Compiled Times": 40,
            "start_perf": [
                0.11290216445922852,
                0.040335000000000003,
                0.038943999999999999,
                311368,
                385428,
                1769004355.450386,
                114181939579585
            ],
            "child_modules": {},
            "Compiled": "Yes",
            "end_perf": [
                0.11444807052612305,
                0.041806000000000003,
                0.039018999999999998,
                311368,
                385428,
                114181943754627,
                8589934594,
                0
            ],
            "svclass": [
                "$vcs_nba_dyn_obj",
                0,
                35,
                2,
                2,
                0,
                "sigprop$$",
                0,
                35,
                2,
                2,
                0,
                "process",
                0,
                200,
                8,
                8,
                0,
                "event",
                0,
                34,
                2,
                2,
                0,
                "mailbox",
                0,
                140,
                9,
                9,
                0,
                "semaphore",
                0,
                84,
                5,
                5,
                0
            ],
            "nQuads": 218,
            "nMops": 528,
            "nRouts": 33
        },
        "...MASTER...": {
            "start_perf": [
                0.11008310317993164,
                0.039819,
                0.038177999999999997,
                311368,
                385428,
                1769004355.447567,
                114181932001256
            ],
            "child_modules": {
                "std": 1,
                "i2c_tb": 1
            },
            "end_perf": [
                0.11283302307128906,
                0.040300000000000002,
                0.03891,
                311368,
                385428,
                114181939421489,
                0,
                0
            ],
            "nQuads": 0,
            "nMops": 0,
            "nRouts": 5
        },
        "i2c_tb": {
            "Compiled Times": 40,
            "significant_routs": [
                [
                    109,
                    "R_VCSgd_yPhRI_6d",
                    1781716,
                    2714,
                    267
                ],
                [
                    113,
                    "R_VCSgd_yPhRI_71",
                    4347490,
                    6583,
                    632
                ],
                [
                    132,
                    "R_VCSgd_yPhRI_84",
                    1513322,
                    2443,
                    220
                ],
                [
                    136,
                    "R_VCSgd_yPhRI_88",
                    4447040,
                    5500,
                    559
                ]
            ],
            "start_perf": [
                0.11447310447692871,
                0.041820000000000003,
                0.039031999999999997,
                311368,
                385428,
                1769004355.451957,
                114181943791467
            ],
            "child_modules": {},
            "Compiled": "Yes",
            "end_perf": [
                0.13833403587341309,
                0.061671999999999998,
                0.043026000000000002,
                313312,
                385428,
                114182007997083,
                21474836481,
                0
            ],
            "nQuads": 2613,
            "nMops": 5604,
            "nRouts": 250
        }
    },
    "CompUnits": {
        "yPhRI_d": {
            "checksum": 0,
            "mod": "i2c_tb",
            "out": "yPhRI_d.o",
            "bytes": 90038,
            "archive": "archive.39/_53698_archive_1.a",
            "text": 52050,
            "mode": 4
        }
    },
    "reusePaths": {
        "amcQw_d": {
            "icPath": "csrc"
        },
        "reYIK_d": {
            "icPath": "csrc"
        }
    }
}