{
    "cpu_cycles_pass2_start": 47820368866689,
    "PEModules": [],
    "NameTable": {
        "std": [
            "std",
            "reYIK",
            "module",
            1
        ],
        "mux": [
            "mux",
            "RZvU4",
            "module",
            4
        ],
        "muxwithdefault_0004": [
            "muxwithdefault_0004",
            "g8pt1",
            "module",
            11
        ],
        "muxwithdefault": [
            "muxwithdefault",
            "wmStg",
            "module",
            9
        ],
        "muxwithdefault_0003": [
            "muxwithdefault_0003",
            "cU2rR",
            "module",
            8
        ],
        "testbench": [
            "testbench",
            "iAVhC",
            "module",
            5
        ],
        "muxwithdefault_0001": [
            "muxwithdefault_0001",
            "x93J4",
            "module",
            3
        ],
        "muxwithdefault_0006": [
            "muxwithdefault_0006",
            "gIVmA",
            "module",
            13
        ],
        "muxwithdefault_0002": [
            "muxwithdefault_0002",
            "YU6qy",
            "module",
            7
        ],
        "csr": [
            "csr",
            "cNThd",
            "module",
            17
        ],
        "...MASTER...": [
            "SIM",
            "amcQw",
            "module",
            6
        ]
    },
    "cycles_program_begin": 47819539354708,
    "perf": [
        {
            "stat": [
                "main",
                "entry",
                0.013256072998046875,
                0.022866999999999998,
                0.0096279999999999994,
                203920,
                205172,
                0.0,
                0.0,
                1768222096.6016841,
                47819539712718
            ],
            "sub": [
                {
                    "stat": [
                        "doParsingAndDesignResolution",
                        "entry",
                        0.047060966491699219,
                        0.028024,
                        0.014012,
                        212600,
                        213400,
                        0.0,
                        0.0,
                        1768222096.635489,
                        47819630386506
                    ],
                    "sub": []
                },
                {
                    "stat": [
                        "doParsingAndDesignResolution",
                        "exit",
                        0.096523046493530273,
                        0.050897999999999999,
                        0.033238999999999998,
                        312808,
                        385480,
                        0.0,
                        0.0,
                        1768222096.6849511,
                        47819763449321
                    ],
                    "sub": []
                },
                {
                    "stat": [
                        "doPostDesignResolutionToVir2Vcs",
                        "entry",
                        0.10005092620849609,
                        0.052180999999999998,
                        0.035483000000000001,
                        298792,
                        385480,
                        0.0,
                        0.0,
                        1768222096.6884789,
                        47819772822065
                    ],
                    "sub": [
                        {
                            "stat": [
                                "doUptoVir2VcsNoSepCleanup",
                                "entry",
                                0.12857198715209961,
                                0.074644000000000002,
                                0.037322000000000001,
                                303488,
                                385480,
                                0.0,
                                0.0,
                                1768222096.717,
                                47819849514324
                            ],
                            "sub": []
                        },
                        {
                            "stat": [
                                "doUptoVir2VcsNoSepCleanup",
                                "exit",
                                0.29166197776794434,
                                0.16031300000000001,
                                0.066011,
                                314760,
                                385480,
                                0.0034880000000000002,
                                0.011225000000000001,
                                1768222096.88009,
                                47820287867223
                            ],
                            "sub": []
                        },
                        {
                            "stat": [
                                "doRadify_vir2vcsAll",
                                "entry",
                                0.29184389114379883,
                                0.160442,
                                0.066063999999999998,
                                314760,
                                385480,
                                0.024635000000000001,
                                0.070446999999999996,
                                1768222096.8802719,
                                47820288315083
                            ],
                            "sub": []
                        },
                        {
                            "stat": [
                                "doRadify_vir2vcsAll",
                                "exit",
                                0.30111289024353027,
                                0.16323699999999999,
                                0.069506999999999999,
                                314760,
                                385480,
                                0.024635000000000001,
                                0.070446999999999996,
                                1768222096.8895409,
                                47820313253680
                            ],
                            "sub": []
                        }
                    ]
                },
                {
                    "stat": [
                        "doPostDesignResolutionToVir2Vcs",
                        "exit",
                        0.30114293098449707,
                        0.16325899999999999,
                        0.069515999999999994,
                        314760,
                        385480,
                        0.024635000000000001,
                        0.070446999999999996,
                        1768222096.889571,
                        47820313282608
                    ],
                    "sub": []
                },
                {
                    "stat": [
                        "doGAToPass2",
                        "entry",
                        0.30115294456481934,
                        0.16326499999999999,
                        0.069518999999999997,
                        314760,
                        385480,
                        0.024635000000000001,
                        0.070446999999999996,
                        1768222096.889581,
                        47820313302204
                    ],