{
    "CompUnits": {
        "GAMq1_d": {
            "mod": "dataram",
            "out": "GAMq1_d.o",
            "bytes": 21836,
            "text": 10305,
            "archive": "archive.29/_13496_archive_1.a",
            "checksum": 0,
            "mode": 4
        }
    },
    "Modules": {
        "testbench": {
            "child_modules": {
                "muxwithdefault_0002": 2,
                "instrom": 1,
                "muxwithdefault": 2,
                "muxwithdefault_0003": 2,
                "dataram": 1,
                "muxwithdefault_0004": 2,
                "muxwithdefault_0006": 2
            },
            "start_perf": [
                0.23844289779663086,
                0.141268,
                0.060965999999999999,
                315476,
                385428,
                1769400549.7207699,
                10684541881077
            ],
            "nRouts": 374,
            "Compiled": "Yes",
            "nQuads": 5255,
            "Compiled Times": 30,
            "nMops": 22955,
            "end_perf": [
                0.26055002212524414,
                0.162494,
                0.061844000000000003,
                315476,
                385428,
                10684601372887,
                64424509441,
                0
            ]
        },
        "mux": {
            "child_modules": {},
            "start_perf": [
                0.23704004287719727,
                0.13986399999999999,
                0.060965999999999999,
                315476,
                385428,
                1769400549.719367,
                10684538109823
            ],
            "nRouts": 19,
            "Compiled": "Yes",
            "nQuads": 112,
            "Compiled Times": 30,
            "nMops": 260,
            "end_perf": [
                0.23840808868408203,
                0.141231,
                0.060965999999999999,
                315476,
                385428,
                10684541841773,
                51539607553,
                0
            ]
        },
        "muxwithdefault_0004": {
            "child_modules": {},
            "start_perf": [
                0.23320198059082031,
                0.136796,
                0.060197000000000001,
                315476,
                385428,
                1769400549.715529,
                10684527793467
            ],
            "nRouts": 38,
            "Compiled": "Yes",
            "nQuads": 286,
            "Compiled Times": 23,
            "nMops": 1273,
            "end_perf": [
                0.2348020076751709,
                0.13839399999999999,
                0.060197000000000001,
                315476,
                385428,
                10684532142573,
                38654705665,
                0
            ]
        },
        "...MASTER...": {
            "child_modules": {
                "std": 1,
                "mux": 1,
                "testbench": 1
            },
            "start_perf": [
                0.21503210067749023,
                0.12520500000000001,
                0.055378999999999998,
                313532,
                385428,
                1769400549.6973591,
                10684478961927
            ],
            "nMops": 7,
            "end_perf": [
                0.21811890602111816,
                0.12520500000000001,
                0.056703999999999997,
                313532,
                385428,
                10684487298259,
                0,
                0
            ],
            "nQuads": 4,
            "nRouts": 8
        },
        "std": {
            "child_modules": {},
            "start_perf": [
                0.21821808815002441,
                0.12520500000000001,
                0.056802999999999999,
                313532,
                385428,
                1769400549.7005451,
                10684487525591
            ],
            "nRouts": 33,
            "Compiled": "Yes",
            "Compiled Times": 30,
            "nQuads": 218,
            "end_perf": [
                0.22034311294555664,
                0.12554499999999999,
                0.058587,
                313532,
                385428,
                10684493297437,
                8589934594,
                0
            ],
            "nMops": 472,
            "svclass": [
                "$vcs_nba_dyn_obj",
                0,
                37,
                2,
                2,
                0,
                "sigprop$$",
                0,
                37,
                2,
                2,
                0,
                "process",
                0,
                184,
                8,
                8,
                0,
                "event",
                0,
                36,
                2,
                2,
                0,
                "mailbox",
                0,
                107,
                9,
                9,
                0,
                "semaphore",
                0,
                71,
                5,
                5,
                0
            ]
        },
        "muxwithdefault_0003": {
            "child_modules": {},
            "start_perf": [
                0.2312469482421875,
                0.13484099999999999,
                0.060197000000000001,
                315476,
                385428,
                1769400549.7135739,
                10684522536291
            ],
            "nRouts": 44,
            "Compiled": "Yes",
            "nQuads": 328,
            "Compiled Times": 30,
            "nMops": 1473,
            "end_perf": [
                0.23317599296569824,
                0.13677,
                0.060197000000000001,
                315476,
                385428,
                10684527757945,
                38654705665,
                0
            ]
        },
        "dataram": {
            "child_modules": {},
            "start_perf": [
                0.22038793563842773,
                0.12557699999999999,
                0.058602000000000001,
                313532,
                385428,
                1769400549.7027149,
                10684493349919
            ],
            "nRouts": 28,
            "Compiled": "Yes",
            "Compiled Times": 30,
            "nQuads": 497,
            "significant_routs": [
                [
                    17,
                    "R_VCSgd_GAMq1_11",
                    3856052,
                    4472,
                    765
                ]
            ],
            "end_perf": [
                0.22803997993469238,
                0.132712,
                0.059117000000000003,
                315476,
                385428,
                10684513978007,
                12884901889,
                0
            ],
            "nMops": 1819
        },
        "muxwithdefault": {
            "child_modules": {},
            "start_perf": [
                0.22808003425598145,
                0.132741,
                0.059130000000000002,
                315476,
                385428,
                1769400549.710407,
                10684514023675
            ],
            "nRouts": 26,
            "Compiled": "Yes",
            "nQuads": 195,
            "Compiled Times": 30,
            "nMops": 755,
            "end_perf": [
                0.22968792915344238,
                0.134348,
                0.059130000000000002,
                315476,
                385428,
                10684518397833,
                38654705665,
                0
            ]
        },
        "muxwithdefault_0002": {
            "child_modules": {},
            "start_perf": [
                0.2297210693359375,
                0.134382,
                0.059130000000000002,
                315476,
                385428,
                1769400549.7120481,
                10684518434895
            ],
            "nRouts": 30,
            "Compiled": "Yes",