{
    "Modules": {
        "...MASTER...": {
            "start_perf": [
                0.18550992012023926,
                0.094284000000000007,
                0.066554000000000002,
                313332,
                385472,
                1768222111.543129,
                47859701303709
            ],
            "end_perf": [
                0.18883204460144043,
                0.094284000000000007,
                0.067893999999999996,
                313332,
                385472,
                47859710267556,
                0,
                0
            ],
            "child_modules": {
                "mux": 1,
                "csr": 1,
                "std": 1,
                "testbench": 1
            },
            "nQuads": 5,
            "nMops": 9,
            "nRouts": 9
        },
        "std": {
            "start_perf": [
                0.18892192840576172,
                0.094310000000000005,
                0.067959000000000006,
                313332,
                385472,
                1768222111.546541,
                47859710479700
            ],
            "end_perf": [
                0.1907188892364502,
                0.095935999999999994,
                0.068128999999999995,
                313332,
                385472,
                47859715337600,
                8589934594,
                0
            ],
            "child_modules": {},
            "Compiled": "Yes",
            "nMops": 472,
            "Compiled Times": 14,
            "svclass": [
                "$vcs_nba_dyn_obj",
                0,
                37,
                2,
                2,
                0,
                "sigprop$$",
                0,
                37,
                2,
                2,
                0,
                "process",
                0,
                184,
                8,
                8,
                0,
                "event",
                0,
                36,
                2,
                2,
                0,
                "mailbox",
                0,
                107,
                9,
                9,
                0,
                "semaphore",
                0,
                71,
                5,
                5,
                0
            ],
            "nQuads": 218,
            "nRouts": 33
        },
        "muxwithdefault_0001": {
            "start_perf": [
                0.19285106658935547,
                0.098056000000000004,
                0.068141999999999994,
                313332,
                385472,
                1768222111.5504701,
                47859721030023
            ],
            "end_perf": [
                0.1943509578704834,
                0.099555000000000005,
                0.068141999999999994,
                313332,
                385472,
                47859725112705,
                34359738369,
                0
            ],
            "child_modules": {},
            "Compiled": "Yes",
            "nMops": 866,
            "Compiled Times": 14,
            "nQuads": 223,
            "nRouts": 30
        },
        "muxwithdefault_0003": {
            "start_perf": [
                0.19582200050354004,
                0.10102700000000001,
                0.068141999999999994,
                313332,
                385472,
                1768222111.553441,
                47859729012767
            ],
            "end_perf": [
                0.19750785827636719,
                0.102712,
                0.068141999999999994,
                313332,
                385472,
                47859733587529,
                34359738369,
                0
            ],
            "child_modules": {},
            "Compiled": "Yes",
            "nMops": 1212,
            "Compiled Times": 7,
            "nQuads": 286,
            "nRouts": 38
        },
        "muxwithdefault": {
            "start_perf": [
                0.1907508373260498,
                0.095954999999999999,
                0.068141999999999994,
                313332,
                385472,
                1768222111.5483699,
                47859715383208
            ],
            "end_perf": [
                0.19281005859375,
                0.098014000000000004,
                0.068141999999999994,
                313332,
                385472,
                47859720984505,
                34359738369,
                0
            ],
            "child_modules": {},
            "Compiled": "Yes",
            "nMops": 758,
            "Compiled Times": 3,
            "nQuads": 201,
            "nRouts": 26
        },
        "muxwithdefault_0002": {
            "start_perf": [
                0.19438290596008301,
                0.099587999999999996,
                0.068141999999999994,
                313332,
                385472,
                1768222111.552002,
                47859725146339
            ],
            "end_perf": [
                0.19579386711120605,
                0.10099900000000001,
                0.068141999999999994,
                313332,
                385472,
                47859728980107,
                34359738369,
                0
            ],
            "child_modules": {},
            "Compiled": "Yes",
            "nMops": 796,
            "Compiled Times": 13,
            "nQuads": 215,
            "nRouts": 28
        },
        "muxwithdefault_0004": {
            "start_perf": [
                0.19753599166870117,
                0.102741,
                0.068141999999999994,
                313332,
                385472,
                1768222111.555155,
                47859733622745
            ],
            "end_perf": [
                0.19915294647216797,
                0.10435700000000001,
                0.068141999999999994,
                313332,
                385472,
                47859738005127,
                34359738369,
                0
            ],
            "child_modules": {},
            "Compiled": "Yes",
            "nMops": 1273,
            "Compiled Times": 3,
            "nQuads": 286,
            "nRouts": 38
        },
        "muxwithdefault_0006": {
            "start_perf": [
                0.1992039680480957,
                0.104409,
                0.068141999999999994,
                313332,
                385472,
                1768222111.556823,
                47859738115149
            ],
            "end_perf": [
                0.20062398910522461,
                0.10582900000000001,
                0.068141999999999994,
                313332,
                385472,
                47859741953939,
                34359738369,
                0
            ],
            "child_modules": {},
            "Compiled": "Yes",
            "nMops": 1045,
            "Compiled Times": 3,
            "nQuads": 244,
            "nRouts": 32
        },
        "csr": {
            "start_perf": [
                0.20157790184020996,
                0.106783,
                0.068141999999999994,
                313332,
                385472,
                1768222111.5591969,
                47859744487331
            ],
            "end_perf": [
                0.20367097854614258,
                0.108406,
                0.068611000000000005,
                313332,
                385472,
                47859750140073,
                55834574849,
                0
            ],
            "child_modules": {},
            "Compiled": "Yes",
            "nMops": 1282,
            "Compiled Times": 2,
            "nQuads": 494,
            "nRouts": 36
        },
        "mux": {
            "start_perf": [
                0.20064806938171387,
                0.105853,
                0.068141999999999994,
                313332,
                385472,
                1768222111.5582671,
                47859741988211
            ],