{
    "ObjArchives": [
        {
            "archive": "archive.0/_9905_archive_1.a",
            "objects": [
                [
                    "reYIK_d.o",
                    35164
                ],
                [
                    "cqEBw_d.o",
                    12646
                ],
                [
                    "x93J4_d.o",
                    15140
                ],
                [
                    "RZvU4_d.o",
                    10244
                ],
                [
                    "iAVhC_d.o",
                    85444
                ],
                [
                    "amcQwB.o",
                    129334
                ]
            ],
            "size": 287972
        }
    ],
    "Modules": {
        "mux": {
            "start_perf": [
                0.15851902961730957,
                0.084446999999999994,
                0.052664000000000002,
                314300,
                385584,
                1767667322.106818,
                486337201157
            ],
            "nMops": 260,
            "Compiled Times": 1,
            "Compiled": "Yes",
            "child_modules": {},
            "end_perf": [
                0.1638951301574707,
                0.088264999999999996,
                0.054219999999999997,
                314300,
                385584,
                486351739191,
                47244640257,
                0
            ],
            "nQuads": 112,
            "nRouts": 19
        },
        "std": {
            "start_perf": [
                0.14192295074462891,
                0.072508000000000003,
                0.048006,
                313332,
                385584,
                1767667322.0902219,
                486292601246
            ],
            "Compiled Times": 1,
            "nMops": 472,
            "child_modules": {},
            "Compiled": "Yes",
            "svclass": [
                "$vcs_nba_dyn_obj",
                385,
                37,
                2,
                2,
                0,
                "sigprop$$",
                385,
                37,
                2,
                2,
                0,
                "process",
                1645,
                184,
                8,
                8,
                0,
                "event",
                462,
                36,
                2,
                2,
                0,
                "mailbox",
                912,
                107,
                9,
                9,
                0,
                "semaphore",
                672,
                71,
                5,
                5,
                0
            ],
            "end_perf": [
                0.14569616317749023,
                0.075065000000000007,
                0.049223000000000003,
                314300,
                385584,
                486302780510,
                8589934594,
                0
            ],
            "nQuads": 218,
            "nRouts": 33
        },
        "...MASTER...": {
            "start_perf": [
                0.1402580738067627,
                0.071260000000000004,
                0.047588999999999999,
                312352,
                385584,
                1767667322.088557,
                486288124932
            ],
            "nMops": 7,
            "child_modules": {
                "mux": 1,
                "std": 1,
                "testbench": 1
            },
            "end_perf": [
                0.1418461799621582,
                0.072508000000000003,
                0.047928999999999999,
                313332,
                385584,
                486292416308,
                0,
                0
            ],
            "nQuads": 4,
            "nRouts": 8
        },
        "testbench": {
            "start_perf": [
                0.16394901275634766,
                0.088300000000000003,
                0.054240999999999998,
                314300,
                385584,
                1767667322.1122479,
                486351801427
            ],
            "Compiled Times": 1,
            "nMops": 9503,
            "child_modules": {
                "muxwithdefault_0000": 4,
                "muxwithdefault_0001": 3
            },
            "Compiled": "Yes",
            "significant_routs": [
                [
                    1,
                    "R_VCSgd_iAVhC_1",
                    3813342,
                    5959,
                    1326
                ],
                [
                    17,
                    "X_VCSgd_iAVhC_9_0",
                    7708841,
                    2140,
                    453
                ],
                [
                    18,
                    "X_VCSgd_iAVhC_10_0",
                    2417290,
                    1457,
                    339
                ],
                [
                    32,
                    "R_VCSgd_iAVhC_20",
                    1777192,
                    1422,
                    299
                ],
                [
                    67,
                    "R_VCSgd_iAVhC_43",
                    1811262,
                    1778,
                    352
                ]
            ],
            "end_perf": [
                0.19070196151733398,
                0.111138,
                0.058153000000000003,
                314300,
                385584,
                486423763598,
                55834574849,
                0
            ],
            "nQuads": 2281,
            "nRouts": 174
        },
        "muxwithdefault_0000": {
            "start_perf": [
                0.14573097229003906,
                0.075086,
                0.049237000000000003,
                314300,
                385584,
                1767667322.0940299,
                486302829310
            ],
            "nMops": 720,
            "Compiled Times": 1,
            "Compiled": "Yes",
            "child_modules": {},
            "end_perf": [
                0.15364718437194824,
                0.079599000000000003,
                0.052637999999999997,
                314300,
                385584,
                486324212730,
                34359738369,
                0
            ],
            "nQuads": 201,
            "nRouts": 26
        },
        "muxwithdefault_0001": {
            "start_perf": [
                0.15371108055114746,
                0.079639000000000001,
                0.052664000000000002,
                314300,
                385584,
                1767667322.10201,
                486324279238
            ],
            "Compiled Times": 1,
            "nMops": 990,
            "child_modules": {},
            "Compiled": "Yes",
            "significant_routs": [
                [
                    1,
                    "R_VCSgd_x93J4_1",
                    2112292,
                    1212,
                    246
                ]
            ],
            "end_perf": [
                0.1584780216217041,
                0.084404000000000007,
                0.052664000000000002,
                314300,
                385584,
                486337161943,
                34359738369,
                0
            ],
            "nQuads": 238,
            "nRouts": 32
        }
    },
    "CompUnits": {
        "cqEBw_d": {
            "mod": "muxwithdefault_0000",
            "out": "cqEBw_d.o",
            "mode": 4,
            "bytes": 12646,
            "text": 3483,
            "checksum": 0,
            "archive": "archive.0/_9905_archive_1.a"
        },
        "amcQw_d": {
            "mod": "...MASTER...",
            "out": "objs/amcQw_d.o",
            "mode": 4,
            "bytes": 8368,
            "text": 548,
            "checksum": 0
        },
        "iAVhC_d": {
            "mod": "testbench",
            "out": "iAVhC_d.o",
            "mode": 4,
            "bytes": 85444,