{
    "Modules": {
        "...MASTER...": {
            "child_modules": {
                "i2c_eeprom_tb": 1,
                "std": 1
            },
            "start_perf": [
                0.14569401741027832,
                0.044040999999999997,
                0.056052999999999999,
                299416,
                385496,
                1769139565.947927,
                9993294551946
            ],
            "end_perf": [
                0.14935493469238281,
                0.044663000000000001,
                0.056843999999999999,
                300952,
                385496,
                9993304418462,
                0,
                0
            ],
            "nQuads": 0,
            "nMops": 0,
            "nRouts": 5
        },
        "i2c_eeprom_tb": {
            "child_modules": {},
            "start_perf": [
                0.15286111831665039,
                0.044691000000000002,
                0.058938999999999998,
                300952,
                385496,
                1769139565.9550941,
                9993313809265
            ],
            "end_perf": [
                0.1703650951385498,
                0.053968000000000002,
                0.066422999999999996,
                304276,
                385496,
                9993360920752,
                21474836481,
                0
            ],
            "Compiled Times": 6,
            "Compiled": "Yes",
            "nQuads": 3280,
            "nMops": 7961,
            "nRouts": 335
        },
        "std": {
            "start_perf": [
                0.14941811561584473,
                0.044691000000000002,
                0.05688,
                300952,
                385496,
                1769139565.9516511,
                9993304561144
            ],
            "child_modules": {},
            "end_perf": [
                0.15281891822814941,
                0.044691000000000002,
                0.058895999999999997,
                300952,
                385496,
                9993313761699,
                8589934594,
                0
            ],
            "Compiled": "Yes",
            "Compiled Times": 6,
            "svclass": [
                "$vcs_nba_dyn_obj",
                0,
                35,
                2,
                2,
                0,
                "sigprop$$",
                0,
                35,
                2,
                2,
                0,
                "process",
                0,
                200,
                8,
                8,
                0,
                "event",
                0,
                34,
                2,
                2,
                0,
                "mailbox",
                0,
                140,
                9,
                9,
                0,
                "semaphore",
                0,
                84,
                5,
                5,
                0
            ],
            "nQuads": 218,
            "nMops": 528,
            "nRouts": 33
        }
    },
    "ObjArchives": [
        {
            "archive": "archive.5/_36156_archive_1.a",
            "objects": [
                [
                    "amcQwB.o",
                    133780
                ]
            ],
            "size": 133780
        }
    ],
    "CompUnits": {},
    "reusePaths": {
        "amcQw_d": {
            "icPath": "csrc"
        },
        "reYIK_d": {
            "icPath": "csrc"
        },
        "LRhIH_d": {
            "icPath": "csrc"
        }
    },
    "stat": {
        "ru_self_end": {
            "ru_stime_sec": 0.069733000000000003,
            "ru_utime_sec": 0.053968000000000002,
            "ru_maxrss_kb": 123648,
            "ru_majflt": 3,
            "ru_minflt": 14063,
            "ru_nvcsw": 78,
            "ru_nivcsw": 1
        },
        "ru_childs_end": {
            "ru_stime_sec": 0.042910999999999998,
            "ru_utime_sec": 0.017957999999999998,
            "ru_maxrss_kb": 113908,
            "ru_majflt": 0,
            "ru_minflt": 12505,
            "ru_nvcsw": 40,
            "ru_nivcsw": 6
        },
        "cpu_cycles_end": 9993371169400,
        "peak_mem_kb": 385496
    }
}