{
    "Modules": {
        "...MASTER...": {
            "start_perf": [
                0.12518095970153809,
                0.046684999999999997,
                0.050101,
                310364,
                385092,
                1770364478.090704,
                55652965359479
            ],
            "nMops": 0,
            "child_modules": {
                "std": 1,
                "tb": 1
            },
            "end_perf": [
                0.12800288200378418,
                0.046684999999999997,
                0.051364,
                310364,
                385092,
                55652972973655,
                0,
                0
            ],
            "nQuads": 0,
            "nRouts": 5
        },
        "std": {
            "start_perf": [
                0.12807106971740723,
                0.046684999999999997,
                0.051431999999999999,
                310364,
                385092,
                1770364478.0935941,
                55652973124279
            ],
            "child_modules": {},
            "nMops": 472,
            "Compiled Times": 3,
            "nQuads": 218,
            "Compiled": "Yes",
            "end_perf": [
                0.12986493110656738,
                0.047683999999999997,
                0.052226000000000002,
                310364,
                385092,
                55652977982375,
                8589934594,
                0
            ],
            "svclass": [
                "$vcs_nba_dyn_obj",
                0,
                37,
                2,
                2,
                0,
                "sigprop$$",
                0,
                37,
                2,
                2,
                0,
                "process",
                0,
                184,
                8,
                8,
                0,
                "event",
                0,
                36,
                2,
                2,
                0,
                "mailbox",
                0,
                107,
                9,
                9,
                0,
                "semaphore",
                0,
                71,
                5,
                5,
                0
            ],
            "nRouts": 33
        },
        "compress": {
            "start_perf": [
                0.12989687919616699,
                0.047699999999999999,
                0.052242999999999998,
                310364,
                385092,
                1770364478.0954199,
                55652978026257
            ],
            "nMops": 1681,
            "child_modules": {},
            "nQuads": 194,
            "Compiled Times": 3,
            "Compiled": "Yes",
            "end_perf": [
                0.13165497779846191,
                0.049458000000000002,
                0.052242999999999998,
                310364,
                385092,
                55652982794869,
                21474836481,
                0
            ],
            "nRouts": 15
        },
        "tb": {
            "start_perf": [
                0.1316831111907959,
                0.049486000000000002,
                0.052242999999999998,
                310364,
                385092,
                1770364478.0972061,
                55652982828601
            ],
            "child_modules": {
                "compress": 7
            },
            "nMops": 11748,
            "Compiled Times": 2,
            "nQuads": 3157,
            "Compiled": "Yes",
            "significant_routs": [
                [
                    1,
                    "T_VCSgd_g7hgQ_1_0",
                    2886070,
                    3663,
                    560
                ],
                [
                    23,
                    "X_VCSgd_g7hgQ_8_0",
                    1613198,
                    874,
                    166
                ],
                [
                    90,
                    "R_VCSgd_g7hgQ_5a",
                    1530484,
                    1207,
                    189
                ],
                [
                    284,
                    "R_VCSgd_g7hgQ_11c",
                    9367764,
                    9704,
                    2852
                ]
            ],
            "end_perf": [
                0.16593694686889648,
                0.082230999999999999,
                0.053724000000000001,
                312312,
                385092,
                55653074963401,
                30064771073,
                0
            ],
            "nRouts": 314
        }
    },
    "CompUnits": {
        "g7hgQ_d": {
            "mod": "tb",
            "checksum": 0,
            "out": "g7hgQ_d.o",
            "bytes": 159600,
            "archive": "archive.2/_150912_archive_1.a",
            "text": 70586,
            "mode": 4
        }
    },
    "reusePaths": {
        "NIRPT_d": {
            "icPath": "csrc"
        },
        "amcQw_d": {
            "icPath": "csrc"
        },
        "reYIK_d": {
            "icPath": "csrc"
        }
    },
    "stat": {
        "ru_self_end": {
            "ru_utime_sec": 0.082312999999999997,
            "ru_nivcsw": 13,
            "ru_stime_sec": 0.057271000000000002,
            "ru_maxrss_kb": 128320,
            "ru_nvcsw": 44,
            "ru_minflt": 14803,
            "ru_majflt": 0
        },
        "ru_childs_end": {
            "ru_utime_sec": 0.010191,
            "ru_nivcsw": 1,
            "ru_stime_sec": 0.019831999999999999,
            "ru_maxrss_kb": 115976,
            "ru_nvcsw": 26,
            "ru_minflt": 4609,
            "ru_majflt": 0
        },
        "cpu_cycles_end": 55653084644293,
        "peak_mem_kb": 385092
    },
    "ObjArchives": [
        {
            "archive": "archive.2/_150912_archive_1.a",
            "objects": [
                [
                    "g7hgQ_d.o",
                    159600
                ],
                [
                    "amcQwB.o",
                    139062
                ]
            ],
            "size": 298662
        }
    ]
}