{
    "Modules": {
        "...MASTER...": {
            "start_perf": [
                0.11545801162719727,
                0.032287999999999997,
                0.039788999999999998,
                298868,
                383440,
                1768633664.064786,
                7653493403402
            ],
            "child_modules": {
                "std": 1,
                "testbench": 1
            },
            "nMops": 0,
            "end_perf": [
                0.11862611770629883,
                0.032287999999999997,
                0.041045999999999999,
                300164,
                383440,
                7653501946604,
                0,
                0
            ],
            "nQuads": 0,
            "nRouts": 5
        },
        "std": {
            "start_perf": [
                0.11870098114013672,
                0.032287999999999997,
                0.041121999999999999,
                300164,
                383440,
                1768633664.0680289,
                7653502124326
            ],
            "Compiled Times": 4,
            "child_modules": {},
            "Compiled": "Yes",
            "nQuads": 218,
            "nMops": 472,
            "end_perf": [
                0.1204221248626709,
                0.032287999999999997,
                0.042841999999999998,
                300164,
                383440,
                7653506782624,
                8589934594,
                0
            ],
            "svclass": [
                "$vcs_nba_dyn_obj",
                0,
                37,
                2,
                2,
                0,
                "sigprop$$",
                0,
                37,
                2,
                2,
                0,
                "process",
                0,
                184,
                8,
                8,
                0,
                "event",
                0,
                36,
                2,
                2,
                0,
                "mailbox",
                0,
                107,
                9,
                9,
                0,
                "semaphore",
                0,
                71,
                5,
                5,
                0
            ],
            "nRouts": 33
        },
        "testbench": {
            "Compiled Times": 4,
            "start_perf": [
                0.12045407295227051,
                0.032287999999999997,
                0.042875000000000003,
                300164,
                383440,
                1768633664.069782,
                7653506824210
            ],
            "child_modules": {},
            "nQuads": 574,
            "Compiled": "Yes",
            "nMops": 1120,
            "end_perf": [
                0.12815093994140625,
                0.037545000000000002,
                0.045314,
                302660,
                383440,
                7653527578290,
                17179869185,
                0
            ],
            "nRouts": 71
        }
    },
    "stat": {
        "ru_self_end": {
            "ru_maxrss_kb": 121576,
            "ru_utime_sec": 0.038873999999999999,
            "ru_majflt": 0,
            "ru_stime_sec": 0.048906999999999999,
            "ru_nvcsw": 50,
            "ru_minflt": 13376,
            "ru_nivcsw": 6
        },
        "cpu_cycles_end": 7653540810554,
        "ru_childs_end": {
            "ru_maxrss_kb": 113028,
            "ru_utime_sec": 0.011305000000000001,
            "ru_majflt": 0,
            "ru_stime_sec": 0.019067000000000001,
            "ru_nvcsw": 26,
            "ru_minflt": 4625,
            "ru_nivcsw": 8
        },
        "peak_mem_kb": 383440
    },
    "ObjArchives": [
        {
            "archive": "archive.3/_103869_archive_1.a",
            "objects": [
                [
                    "amcQwB.o",
                    116072
                ]
            ],
            "size": 116072
        }
    ],
    "reusePaths": {
        "amcQw_d": {
            "icPath": "csrc"
        },
        "reYIK_d": {
            "icPath": "csrc"
        },
        "iAVhC_d": {
            "icPath": "csrc"
        }
    },
    "CompUnits": {}
}