{
    "ObjArchives": [
        {
            "archive": "archive.14/_28545_archive_1.a",
            "objects": [
                [
                    "GAMq1_d.o",
                    22278
                ],
                [
                    "amcQwB.o",
                    145774
                ]
            ],
            "size": 168052
        }
    ],
    "Modules": {
        "muxwithdefault_0009": {
            "nQuads": 195,
            "start_perf": [
                0.28574895858764648,
                0.17161799999999999,
                0.088409000000000001,
                316772,
                385540,
                1770608134.8921549,
                15024677303803
            ],
            "Compiled Times": 15,
            "Compiled": "Yes",
            "child_modules": {},
            "end_perf": [
                0.28695392608642578,
                0.172823,
                0.088409000000000001,
                316772,
                385540,
                15024680569443,
                64424509441,
                0
            ],
            "nMops": 755,
            "nRouts": 26
        },
        "muxwithdefault_0001": {
            "nQuads": 229,
            "start_perf": [
                0.2797091007232666,
                0.16716500000000001,
                0.086821999999999996,
                316772,
                385540,
                1770608134.8861151,
                15024661068105
            ],
            "Compiled Times": 15,
            "Compiled": "Yes",
            "child_modules": {},
            "end_perf": [
                0.2810211181640625,
                0.16847100000000001,
                0.086827000000000001,
                316772,
                385540,
                15024664620735,
                64424509441,
                0
            ],
            "nMops": 869,
            "nRouts": 30
        },
        "dataram": {
            "nQuads": 1056,
            "start_perf": [
                0.2684929370880127,
                0.15754399999999999,
                0.085227999999999998,
                314828,
                385540,
                1770608134.8748989,
                15024630996491
            ],
            "Compiled Times": 15,
            "Compiled": "Yes",
            "child_modules": {},
            "end_perf": [
                0.27643609046936035,
                0.164571,
                0.086141999999999996,
                316772,
                385540,
                15024652321441,
                30064771073,
                0
            ],
            "nMops": 3926,
            "nRouts": 29
        },
        "muxwithdefault_0005": {
            "nQuads": 244,
            "start_perf": [
                0.28435707092285156,
                0.17025799999999999,
                0.088377999999999998,
                316772,
                385540,
                1770608134.890763,
                15024673561333
            ],
            "Compiled Times": 15,
            "Compiled": "Yes",
            "child_modules": {},
            "end_perf": [
                0.28572702407836914,
                0.17160300000000001,
                0.088400999999999993,
                316772,
                385540,
                15024677270683,
                64424509441,
                0
            ],
            "nMops": 1045,
            "nRouts": 32
        },
        "...MASTER...": {
            "nQuads": 4,
            "start_perf": [
                0.26067113876342773,
                0.15668099999999999,
                0.081220000000000001,
                314828,
                385540,
                1770608134.8670771,
                15024609901599
            ],
            "child_modules": {
                "testbench": 1,
                "std": 1,
                "mux": 1
            },
            "end_perf": [
                0.2639610767364502,
                0.15690200000000001,
                0.082308999999999993,
                314828,
                385540,
                15024618772133,
                0,
                0
            ],
            "nMops": 7,
            "nRouts": 8
        },
        "muxwithdefault_0003": {
            "nQuads": 286,
            "start_perf": [
                0.28272008895874023,
                0.17003499999999999,
                0.086964,
                316772,
                385540,
                1770608134.8891261,
                15024669162135
            ],
            "Compiled Times": 15,
            "Compiled": "Yes",
            "child_modules": {},
            "end_perf": [
                0.28433513641357422,
                0.170242,
                0.088370000000000004,
                316772,
                385540,
                15024673528021,
                64424509441,
                0
            ],
            "nMops": 1273,
            "nRouts": 38
        },
        "instrom": {
            "nQuads": 178,
            "start_perf": [
                0.32714009284973145,
                0.208982,
                0.092434000000000002,
                316772,
                385540,
                1770608134.9335461,
                15024788557700
            ],
            "Compiled Times": 15,
            "Compiled": "Yes",
            "child_modules": {},
            "end_perf": [
                0.32859110832214355,
                0.210399,
                0.092467999999999995,
                316772,
                385540,
                15024792490812,
                107374182401,
                0
            ],
            "nMops": 511,
            "nRouts": 23
        },
        "dataram_wb_reg": {
            "nQuads": 133,
            "start_perf": [
                0.27882814407348633,
                0.16658600000000001,
                0.086521000000000001,
                316772,
                385540,
                1770608134.8852341,
                15024658700699
            ],
            "Compiled Times": 15,
            "Compiled": "Yes",
            "child_modules": {},
            "end_perf": [
                0.27968692779541016,
                0.16714999999999999,
                0.086814000000000002,
                316772,
                385540,
                15024661034893,
                55834574849,
                0
            ],
            "nMops": 284,
            "nRouts": 22
        },
        "std": {
            "nQuads": 218,
            "start_perf": [
                0.26402807235717773,
                0.156946,
                0.082332000000000002,
                314828,
                385540,
                1770608134.870434,
                15024618926515
            ],
            "Compiled": "Yes",
            "Compiled Times": 15,
            "svclass": [
                "$vcs_nba_dyn_obj",
                0,
                37,
                2,
                2,
                0,
                "sigprop$$",
                0,
                37,
                2,
                2,
                0,
                "process",
                0,
                184,
                8,
                8,
                0,
                "event",
                0,
                36,
                2,
                2,
                0,
                "mailbox",
                0,
                107,
                9,
                9,
                0,
                "semaphore",
                0,
                71,
                5,
                5,
                0
            ],
            "child_modules": {},
            "end_perf": [
                0.26690912246704102,
                0.156946,
                0.084240999999999996,
                314828,
                385540,
                15024626701263,
                8589934594,
                0
            ],
            "nMops": 472,
            "nRouts": 33
        },