{
    "CompileProcesses": [
        "cgproc.18383.json"
    ],
    "CompileStrategy": "fullobj",
    "cycles_program_begin": 8058853179128,
    "rlimit": {
        "stack": -1,
        "data": -1
    },
    "perf": [
        {
            "stat": [
                "main",
                "entry",
                0.010674953460693359,
                0.020764000000000001,
                0.011180000000000001,
                201104,
                201104,
                0.0,
                0.0,
                1770455151.632128,
                8058853381306
            ],
            "sub": [
                {
                    "stat": [
                        "doParsingAndDesignResolution",
                        "entry",
                        0.02196192741394043,
                        0.022268,
                        0.017132999999999999,
                        209768,
                        210568,
                        0.0,
                        0.0,
                        1770455151.643415,
                        8058883682619
                    ],
                    "sub": []
                },
                {
                    "stat": [
                        "doParsingAndDesignResolution",
                        "exit",
                        0.031084060668945312,
                        0.024316999999999998,
                        0.025235,
                        313920,
                        382252,
                        0.0,
                        0.0,
                        1770455151.6525371,
                        8058908221013
                    ],
                    "sub": []
                },
                {
                    "stat": [
                        "doPostDesignResolutionToVir2Vcs",
                        "entry",
                        0.037078857421875,
                        0.025100000000000001,
                        0.030856999999999999,
                        295116,
                        382252,
                        0.0,
                        0.0,
                        1770455151.6585319,
                        8058924318318
                    ],
                    "sub": [
                        {
                            "stat": [
                                "doUptoVir2VcsNoSepCleanup",
                                "entry",
                                0.049607992172241211,
                                0.025335,
                                0.034668999999999998,
                                295340,
                                382252,
                                0.0,
                                0.0,
                                1770455151.671061,
                                8058957983893
                            ],
                            "sub": []
                        },
                        {
                            "stat": [
                                "doUptoVir2VcsNoSepCleanup",
                                "exit",
                                0.08107304573059082,
                                0.034539,
                                0.042509999999999999,
                                309100,
                                382252,
                                0.0050679999999999996,
                                0.0087200000000000003,
                                1770455151.7025261,
                                8059042564053
                            ],
                            "sub": []
                        },
                        {
                            "stat": [
                                "doRadify_vir2vcsAll",
                                "entry",
                                0.081121921539306641,
                                0.034562000000000002,
                                0.042537999999999999,
                                309100,
                                382252,
                                0.0094350000000000007,
                                0.028594999999999999,
                                1770455151.702575,
                                8059042718641
                            ],
                            "sub": []
                        },
                        {
                            "stat": [
                                "doRadify_vir2vcsAll",
                                "exit",
                                0.084197998046875,
                                0.036207999999999997,
                                0.043966999999999999,
                                309100,
                                382252,
                                0.0094350000000000007,
                                0.028594999999999999,
                                1770455151.705651,
                                8059050971557
                            ],
                            "sub": []
                        }
                    ]
                },
                {
                    "stat": [
                        "doPostDesignResolutionToVir2Vcs",
                        "exit",
                        0.084231853485107422,
                        0.036223999999999999,
                        0.043985999999999997,
                        309100,
                        382252,
                        0.0094350000000000007,
                        0.028594999999999999,
                        1770455151.7056849,
                        8059050999413
                    ],
                    "sub": []
                },
                {
                    "stat": [
                        "doGAToPass2",
                        "entry",
                        0.084240913391113281,
                        0.036228000000000003,
                        0.043991000000000002,
                        309100,
                        382252,
                        0.0094350000000000007,
                        0.028594999999999999,
                        1770455151.705694,
                        8059051021543
                    ],
                    "sub": [
                        {
                            "stat": [
                                "DoPass2",
                                "entry",
                                0.10377693176269531,
                                0.036568999999999997,
                                0.044406000000000001,
                                307544,
                                382252,
                                0.018648000000000001,
                                0.037989000000000002,
                                1770455151.72523,
                                8059103585675
                            ],
                            "sub": []
                        },
                        {
                            "stat": [
                                "DoPass2",
                                "exit",
                                0.13406085968017578,
                                0.060435999999999997,
                                0.050820999999999998,
                                309492,
                                382252,
                                0.018648000000000001,
                                0.037989000000000002,
                                1770455151.7555139,
                                8059184964274
                            ],