{
    "cycles_program_begin": 1238244878265,
    "cpu_cycles_pass2_start": 1238574539382,
    "SIMBData": {
        "out": "amcQwB.o",
        "bytes": 129634,
        "text": 0,
        "archive": "archive.4/_10898_archive_1.a"
    },
    "perf": [
        {
            "stat": [
                "main",
                "entry",
                0.012343883514404297,
                0.017406999999999999,
                0.015231,
                203876,
                205116,
                0.0,
                0.0,
                1769136308.8126149,
                1238245086901
            ],
            "sub": [
                {
                    "stat": [
                        "doParsingAndDesignResolution",
                        "entry",
                        0.044796943664550781,
                        0.021413000000000001,
                        0.019158999999999999,
                        212612,
                        213412,
                        0.0,
                        0.0,
                        1769136308.845068,
                        1238332253996
                    ],
                    "sub": []
                },
                {
                    "stat": [
                        "doParsingAndDesignResolution",
                        "exit",
                        0.054843902587890625,
                        0.02785,
                        0.023751999999999999,
                        316836,
                        385436,
                        0.0,
                        0.0,
                        1769136308.8551149,
                        1238359299504
                    ],
                    "sub": []
                },
                {
                    "stat": [
                        "doPostDesignResolutionToVir2Vcs",
                        "entry",
                        0.06229400634765625,
                        0.031047999999999999,
                        0.028551,
                        298308,
                        385436,
                        0.0,
                        0.0,
                        1769136308.862565,
                        1238379381761
                    ],
                    "sub": [
                        {
                            "stat": [
                                "doUptoVir2VcsNoSepCleanup",
                                "entry",
                                0.066370010375976562,
                                0.033225999999999999,
                                0.030449,
                                298564,
                                385436,
                                0.0,
                                0.0,
                                1769136308.866641,
                                1238390249133
                            ],
                            "sub": []
                        },
                        {
                            "stat": [
                                "doUptoVir2VcsNoSepCleanup",
                                "exit",
                                0.10194897651672363,
                                0.045283999999999998,
                                0.035994999999999999,
                                312096,
                                385436,
                                0.0049800000000000001,
                                0.0078869999999999999,
                                1769136308.90222,
                                1238485898170
                            ],
                            "sub": []
                        },
                        {
                            "stat": [
                                "doRadify_vir2vcsAll",
                                "entry",
                                0.10200595855712891,
                                0.045316000000000002,
                                0.036020000000000003,
                                312096,
                                385436,
                                0.010877,
                                0.034113999999999998,
                                1769136308.902277,
                                1238485985250
                            ],
                            "sub": []
                        },
                        {
                            "stat": [
                                "doRadify_vir2vcsAll",
                                "exit",
                                0.10478401184082031,
                                0.046729,
                                0.037383,
                                312096,
                                385436,
                                0.010877,
                                0.034113999999999998,
                                1769136308.905055,
                                1238493509876
                            ],
                            "sub": []
                        }
                    ]
                },
                {
                    "stat": [
                        "doPostDesignResolutionToVir2Vcs",
                        "exit",
                        0.10481691360473633,
                        0.046747999999999998,
                        0.037398000000000001,
                        312096,
                        385436,
                        0.010877,
                        0.034113999999999998,
                        1769136308.9050879,
                        1238493539518
                    ],
                    "sub": []
                },
                {
                    "stat": [
                        "doGAToPass2",
                        "entry",
                        0.10482692718505859,
                        0.046753999999999997,
                        0.037402999999999999,
                        312096,
                        385436,
                        0.010877,
                        0.034113999999999998,
                        1769136308.905098,
                        1238493559012
                    ],
                    "sub": [
                        {
                            "stat": [
                                "DoPass2",
                                "entry",
                                0.13492894172668457,
                                0.046753999999999997,
                                0.041468999999999999,
                                299368,
                                385436,
                                0.017479000000000001,
                                0.044790000000000003,
                                1769136308.9352,
                                1238574530016
                            ],
                            "sub": []
                        },
                        {
                            "stat": [
                                "DoPass2",
                                "exit",
                                0.15349102020263672,
                                0.059388000000000003,
                                0.045824999999999998,
                                307440,
                                385436,
                                0.017479000000000001,
                                0.046324999999999998,
                                1769136308.9537621,
                                1238624407031
                            ],