{
    "Modules": {
        "...MASTER...": {
            "child_modules": {
                "std": 1,
                "i2c_tb": 1
            },
            "start_perf": [
                0.12474298477172852,
                0.038581999999999998,
                0.050208999999999997,
                299372,
                385436,
                1769136352.169775,
                1354783932392
            ],
            "end_perf": [
                0.12755703926086426,
                0.038581999999999998,
                0.051387000000000002,
                300780,
                385436,
                1354791517816,
                0,
                0
            ],
            "nQuads": 0,
            "nMops": 0,
            "nRouts": 5
        },
        "std": {
            "start_perf": [
                0.12761998176574707,
                0.038581999999999998,
                0.051450999999999997,
                300780,
                385436,
                1769136352.172652,
                1354791663898
            ],
            "child_modules": {},
            "end_perf": [
                0.12938904762268066,
                0.039168000000000001,
                0.052632999999999999,
                300780,
                385436,
                1354796448938,
                8589934594,
                0
            ],
            "Compiled": "Yes",
            "Compiled Times": 6,
            "svclass": [
                "$vcs_nba_dyn_obj",
                0,
                27,
                2,
                2,
                0,
                "sigprop$$",
                0,
                27,
                2,
                2,
                0,
                "process",
                0,
                168,
                8,
                8,
                0,
                "event",
                0,
                26,
                2,
                2,
                0,
                "mailbox",
                0,
                104,
                9,
                9,
                0,
                "semaphore",
                0,
                64,
                5,
                5,
                0
            ],
            "nQuads": 218,
            "nMops": 416,
            "nRouts": 33
        },
        "i2c_tb": {
            "child_modules": {},
            "start_perf": [
                0.12941789627075195,
                0.039181000000000001,
                0.052650000000000002,
                300780,
                385436,
                1769136352.1744499,
                1354796489686
            ],
            "end_perf": [
                0.15521788597106934,
                0.056124,
                0.061344999999999997,
                309060,
                385436,
                1354865895458,
                21474836481,
                0
            ],
            "Compiled": "Yes",
            "Compiled Times": 6,
            "nQuads": 4598,
            "nMops": 10206,
            "nRouts": 335
        }
    },
    "reusePaths": {
        "amcQw_d": {
            "icPath": "csrc"
        },
        "reYIK_d": {
            "icPath": "csrc"
        }
    },
    "CompUnits": {
        "yPhRI_d": {
            "checksum": 0,
            "mod": "i2c_tb",
            "out": "yPhRI_d.o",
            "bytes": 89292,
            "mode": 4,
            "text": 33812,
            "archive": "archive.5/_12232_archive_1.a"
        }
    },
    "ObjArchives": [
        {
            "archive": "archive.5/_12232_archive_1.a",
            "objects": [
                [
                    "yPhRI_d.o",
                    89292
                ],
                [
                    "amcQwB.o",
                    129730
                ]
            ],
            "size": 219022
        }
    ],
    "stat": {
        "cpu_cycles_end": 1354875546104,
        "ru_self_end": {
            "ru_nivcsw": 5,
            "ru_majflt": 0,
            "ru_utime_sec": 0.056124,
            "ru_stime_sec": 0.064960000000000004,
            "ru_maxrss_kb": 124752,
            "ru_nvcsw": 47,
            "ru_minflt": 14192
        },
        "ru_childs_end": {
            "ru_nivcsw": 1,
            "ru_majflt": 0,
            "ru_utime_sec": 0.015396999999999999,
            "ru_stime_sec": 0.043255000000000002,
            "ru_maxrss_kb": 115304,
            "ru_nvcsw": 47,
            "ru_minflt": 12499
        },
        "peak_mem_kb": 385436
    }
}