{
    "CompileStrategy": "fullobj",
    "PEModules": [],
    "cycles_program_begin": 105901098594639,
    "LVLData": [
        "SIM"
    ],
    "cpu_cycles_pass2_start": 105901606664107,
    "perf": [
        {
            "stat": [
                "main",
                "entry",
                0.012001991271972656,
                0.020781000000000001,
                0.011083000000000001,
                203892,
                205148,
                0.0,
                0.0,
                1767448358.4271619,
                105901098793321
            ],
            "sub": [
                {
                    "stat": [
                        "doParsingAndDesignResolution",
                        "entry",
                        0.068952083587646484,
                        0.024601000000000001,
                        0.01753,
                        212568,
                        213368,
                        0.0,
                        0.0,
                        1767448358.484112,
                        105901251796334
                    ],
                    "sub": []
                },
                {
                    "stat": [
                        "doParsingAndDesignResolution",
                        "exit",
                        0.089060068130493164,
                        0.030578999999999999,
                        0.040772000000000003,
                        317580,
                        385560,
                        0.0,
                        0.0,
                        1767448358.50422,
                        105901305884929
                    ],
                    "sub": []
                },
                {
                    "stat": [
                        "doPostDesignResolutionToVir2Vcs",
                        "entry",
                        0.098616123199462891,
                        0.033805000000000002,
                        0.050863999999999999,
                        298648,
                        385560,
                        0.0,
                        0.0,
                        1767448358.5137761,
                        105901331545299
                    ],
                    "sub": [
                        {
                            "stat": [
                                "doUptoVir2VcsNoSepCleanup",
                                "entry",
                                0.10579299926757812,
                                0.037929999999999998,
                                0.053915999999999999,
                                303336,
                                385560,
                                0.0,
                                0.0,
                                1767448358.5209529,
                                105901350802871
                            ],
                            "sub": []
                        },
                        {
                            "stat": [
                                "doUptoVir2VcsNoSepCleanup",
                                "exit",
                                0.1688079833984375,
                                0.075949000000000003,
                                0.066937999999999998,
                                314016,
                                385560,
                                0.0027859999999999998,
                                0.0082789999999999999,
                                1767448358.5839679,
                                105901520184394
                            ],
                            "sub": []
                        },
                        {
                            "stat": [
                                "doRadify_vir2vcsAll",
                                "entry",
                                0.16887116432189941,
                                0.075982999999999995,
                                0.066968,
                                314016,
                                385560,
                                0.010756999999999999,
                                0.034625000000000003,
                                1767448358.5840311,
                                105901520281420
                            ],
                            "sub": []
                        },
                        {
                            "stat": [
                                "doRadify_vir2vcsAll",
                                "exit",
                                0.17258715629577637,
                                0.078478999999999993,
                                0.068186999999999998,
                                314016,
                                385560,
                                0.010756999999999999,
                                0.034625000000000003,
                                1767448358.5877471,
                                105901530329810
                            ],
                            "sub": []
                        }
                    ]
                },
                {
                    "stat": [
                        "doPostDesignResolutionToVir2Vcs",
                        "exit",
                        0.1726219654083252,
                        0.078498999999999999,
                        0.068204000000000001,
                        314016,
                        385560,
                        0.010756999999999999,
                        0.034625000000000003,
                        1767448358.5877819,
                        105901530359530
                    ],
                    "sub": []
                },
                {
                    "stat": [
                        "doGAToPass2",
                        "entry",
                        0.17263197898864746,
                        0.078504000000000004,
                        0.068208000000000005,
                        314016,
                        385560,
                        0.010756999999999999,
                        0.034625000000000003,
                        1767448358.5877919,
                        105901530379050
                    ],
                    "sub": [
                        {
                            "stat": [
                                "DoPass2",
                                "entry",
                                0.20099210739135742,
                                0.078504000000000004,
                                0.069422999999999999,
                                312592,
                                385560,
                                0.017299999999999999,
                                0.046290999999999999,
                                1767448358.616152,
                                105901606656371
                            ],
                            "sub": []
                        },
                        {
                            "stat": [
                                "DoPass2",
                                "exit",
                                0.23652100563049316,
                                0.101924,
                                0.079422000000000006,
                                314540,
                                385560,
                                0.017299999999999999,
                                0.047928999999999999,
                                1767448358.6516809,
                                105901702142689
                            ],