{
    "cycles_program_begin": 108670953183331,
    "cpu_cycles_pass2_start": 108671376975979,
    "MlibObjs": {},
    "perf": [
        {
            "sub": [
                {
                    "sub": [],
                    "stat": [
                        "doParsingAndDesignResolution",
                        "entry",
                        0.044872045516967773,
                        0.016761999999999999,
                        0.023047999999999999,
                        212568,
                        213368,
                        0.0,
                        0.0,
                        1767449388.9103341,
                        108671042537987
                    ]
                },
                {
                    "sub": [],
                    "stat": [
                        "doParsingAndDesignResolution",
                        "exit",
                        0.071344852447509766,
                        0.028332,
                        0.046226999999999997,
                        317552,
                        385560,
                        0.0,
                        0.0,
                        1767449388.9368069,
                        108671113749153
                    ]
                },
                {
                    "sub": [
                        {
                            "sub": [],
                            "stat": [
                                "doUptoVir2VcsNoSepCleanup",
                                "entry",
                                0.090306997299194336,
                                0.039482999999999997,
                                0.054106000000000001,
                                303340,
                                385560,
                                0.0,
                                0.0,
                                1767449388.9557691,
                                108671164690919
                            ]
                        },
                        {
                            "sub": [],
                            "stat": [
                                "doUptoVir2VcsNoSepCleanup",
                                "exit",
                                0.14624595642089844,
                                0.080568000000000001,
                                0.057951999999999997,
                                314020,
                                385560,
                                0.001371,
                                0.0092940000000000002,
                                1767449389.011708,
                                108671315100773
                            ]
                        },
                        {
                            "sub": [],
                            "stat": [
                                "doRadify_vir2vcsAll",
                                "entry",
                                0.14630293846130371,
                                0.080601999999999993,
                                0.057977000000000001,
                                314020,
                                385560,
                                0.012414,
                                0.035922000000000003,
                                1767449389.011765,
                                108671315189157
                            ]
                        },
                        {
                            "sub": [],
                            "stat": [
                                "doRadify_vir2vcsAll",
                                "exit",
                                0.14979195594787598,
                                0.084090999999999999,
                                0.057977000000000001,
                                314020,
                                385560,
                                0.012414,
                                0.035922000000000003,
                                1767449389.015254,
                                108671324656043
                            ]
                        }
                    ],
                    "stat": [
                        "doPostDesignResolutionToVir2Vcs",
                        "entry",
                        0.078277826309204102,
                        0.029701999999999999,
                        0.051854999999999998,
                        298620,
                        385560,
                        0.0,
                        0.0,
                        1767449388.9437399,
                        108671132375529
                    ]
                },
                {
                    "sub": [],
                    "stat": [
                        "doPostDesignResolutionToVir2Vcs",
                        "exit",
                        0.14983582496643066,
                        0.084136000000000002,
                        0.057977000000000001,
                        314020,
                        385560,
                        0.012414,
                        0.035922000000000003,
                        1767449389.0152979,
                        108671324688327
                    ]
                },
                {
                    "sub": [
                        {
                            "sub": [],
                            "stat": [
                                "DoPass2",
                                "entry",
                                0.16924500465393066,
                                0.084145999999999999,
                                0.059756999999999998,
                                312596,
                                385560,
                                0.018422000000000001,
                                0.047849999999999997,
                                1767449389.0347071,
                                108671376964313
                            ]
                        },
                        {
                            "sub": [],
                            "stat": [
                                "DoPass2",
                                "exit",
                                0.19306492805480957,
                                0.100856,
                                0.064935000000000007,
                                312596,
                                385560,
                                0.019387000000000001,
                                0.048814999999999997,
                                1767449389.058527,
                                108671440966356
                            ]
                        }
                    ],
                    "stat": [
                        "doGAToPass2",
                        "entry",
                        0.14984583854675293,
                        0.084145999999999999,
                        0.057977000000000001,
                        314020,
                        385560,
                        0.012414,
                        0.035922000000000003,
                        1767449389.0153079,
                        108671324707499
                    ]
                },
                {
                    "sub": [],
                    "stat": [
                        "doGAToPass2",
                        "exit",
                        0.19536304473876953,
                        0.100856,
                        0.067233000000000001,
                        314524,
                        385560,
                        0.019387000000000001,
                        0.048814999999999997,
                        1767449389.0608251,
                        108671447136128
                    ]
                }
            ],