{
    "ObjArchives": [
        {
            "archive": "archive.16/_2508677_archive_1.a",
            "objects": [
                [
                    "amcQwB.o",
                    128596
                ]
            ],
            "size": 128596
        }
    ],
    "Modules": {
        "testbench": {
            "start_perf": [
                0.17968487739562988,
                0.089908000000000002,
                0.062501000000000001,
                312596,
                385560,
                1767449389.0451469,
                108671404932507
            ],
            "nQuads": 2188,
            "child_modules": {
                "muxwithdefault_0000": 4,
                "muxwithdefault_0001": 3
            },
            "nMops": 9064,
            "end_perf": [
                0.19112491607666016,
                0.10051300000000001,
                0.063337000000000004,
                312596,
                385560,
                108671435766044,
                55834574849,
                0
            ],
            "Compiled": "Yes",
            "Compiled Times": 17,
            "nRouts": 168
        },
        "...MASTER...": {
            "start_perf": [
                0.16936802864074707,
                0.084145999999999999,
                0.059881999999999998,
                312596,
                385560,
                1767449389.0348301,
                108671377245325
            ],
            "nQuads": 4,
            "child_modules": {
                "mux": 1,
                "std": 1,
                "testbench": 1
            },
            "nMops": 7,
            "end_perf": [
                0.17303705215454102,
                0.084679000000000004,
                0.061080000000000002,
                312596,
                385560,
                108671387118219,
                0,
                0
            ],
            "nRouts": 8
        },
        "mux": {
            "start_perf": [
                0.17866683006286621,
                0.088889999999999997,
                0.062501000000000001,
                312596,
                385560,
                1767449389.0441289,
                108671402196557
            ],
            "nQuads": 112,
            "child_modules": {},
            "nMops": 260,
            "end_perf": [
                0.17965793609619141,
                0.089881000000000003,
                0.062501000000000001,
                312596,
                385560,
                108671404895969,
                47244640257,
                0
            ],
            "Compiled": "Yes",
            "Compiled Times": 17,
            "nRouts": 19
        },
        "muxwithdefault_0001": {
            "start_perf": [
                0.17715597152709961,
                0.087429999999999994,
                0.062449999999999999,
                312596,
                385560,
                1767449389.042618,
                108671398136157
            ],
            "nQuads": 238,
            "child_modules": {},
            "nMops": 990,
            "end_perf": [
                0.17864203453063965,
                0.088874999999999996,
                0.062489999999999997,
                312596,
                385560,
                108671402162765,
                34359738369,
                0
            ],
            "Compiled": "Yes",
            "Compiled Times": 17,
            "nRouts": 32
        },
        "std": {
            "start_perf": [
                0.1731269359588623,
                0.084732000000000002,
                0.061117999999999999,
                312596,
                385560,
                1767449389.038589,
                108671387310939
            ],
            "svclass": [
                "$vcs_nba_dyn_obj",
                0,
                37,
                2,
                2,
                0,
                "sigprop$$",
                0,
                37,
                2,
                2,
                0,
                "process",
                0,
                184,
                8,
                8,
                0,
                "event",
                0,
                36,
                2,
                2,
                0,
                "mailbox",
                0,
                107,
                9,
                9,
                0,
                "semaphore",
                0,
                71,
                5,
                5,
                0
            ],
            "nQuads": 218,
            "child_modules": {},
            "nMops": 472,
            "Compiled": "Yes",
            "end_perf": [
                0.17558503150939941,
                0.085934999999999997,
                0.062371999999999997,
                312596,
                385560,
                108671393962805,
                8589934594,
                0
            ],
            "Compiled Times": 17,
            "nRouts": 33
        },
        "muxwithdefault_0000": {
            "start_perf": [
                0.17564892768859863,
                0.085999999999999993,
                0.062371999999999997,
                312596,
                385560,
                1767449389.041111,
                108671394094251
            ],
            "nQuads": 201,
            "child_modules": {},
            "nMops": 720,
            "end_perf": [
                0.17712998390197754,
                0.087414000000000006,
                0.062439000000000001,
                312596,
                385560,
                108671398100485,
                34359738369,
                0
            ],
            "Compiled": "Yes",
            "Compiled Times": 17,
            "nRouts": 26
        }
    },
    "CompUnits": {},
    "reusePaths": {
        "amcQw_d": {
            "icPath": "csrc"
        },
        "reYIK_d": {
            "icPath": "csrc"
        },
        "cqEBw_d": {
            "icPath": "csrc"
        },
        "iAVhC_d": {
            "icPath": "csrc"
        },
        "x93J4_d": {
            "icPath": "csrc"
        },
        "RZvU4_d": {
            "icPath": "csrc"
        }
    },
    "stat": {
        "ru_self_end": {
            "ru_nivcsw": 6,
            "ru_minflt": 15005,
            "ru_utime_sec": 0.100856,
            "ru_stime_sec": 0.067287,
            "ru_maxrss_kb": 128708,
            "ru_majflt": 0,
            "ru_nvcsw": 50
        },
        "ru_childs_end": {
            "ru_nivcsw": 2,
            "ru_minflt": 14562,
            "ru_utime_sec": 0.019387000000000001,
            "ru_stime_sec": 0.048814999999999997,
            "ru_maxrss_kb": 120936,
            "ru_majflt": 0,
            "ru_nvcsw": 42
        },
        "cpu_cycles_end": 108671447221572,
        "peak_mem_kb": 385560
    }
}